name_display_value	duration	sys_created_on
AS-GOLD-Resolution-Priority 3-SLA	259200	2022-01-10 20:30:00
AS-GOLD-Resolution-Priority 4-SLA	432000	2022-01-10 20:30:00
AS-SILVER-Resolution-Priority 3-SLA	432000	2022-01-10 20:30:00
AS-SILVER-Resolution-Priority 4-SLA	864000	2022-01-10 20:30:00
INC Portal Response Time SLA (Expected)	3600	2022-01-10 20:30:00
INC Portal Response Time SLA (Minimum)	14400	2022-01-10 20:30:00
INC Portal Time to Route	600	2022-01-10 20:30:00
INC RCC Time to Respond	1800	2022-01-10 20:30:00
INC TTR RCC	86400	2022-01-10 20:30:00
Priority 1 resolution (4 hour)	14400	2022-01-10 20:30:00
Priority 2 resolution (8 hour)	28800	2022-01-10 20:30:00
Priority 3 resolution (3 day)	259200	2022-01-10 20:30:00
Priority 4 resolution (5 day)	432000	2022-01-10 20:30:00
