number	category	assigned_to_display_value	priority_display_value	caller_id_display_value	assignment_group_display_value	cmdb_ci_display_value	close_code_display_value	state_display_value	urgency_display_value	upon_reject_display_value	upon_approval_display_value	contact_type_display_value	category_display_value	sys_updated_on	sys_id	sys_created_on
INC000022806199	Help/ Assistance	1159	Priority 3		GSD OUTBOUND	2083038		Pending	High	Cancel all future Tasks	Proceed to Next Task	Self-service	Help/ Assistance		1	2022-01-27 05:06:11.000
INC000022948076	Help/ Assistance	1089	Priority 3		ININ CONTACT CENTER APPS TIER 2	1270564		Pending	High	Cancel all future Tasks	Proceed to Next Task	Self-service	Help/ Assistance		2	2022-01-27 05:06:11.000
INC000022948076	Help/ Assistance	1089	Priority 3		ININ CONTACT CENTER APPS TIER 2	1270564		Pending	High	Cancel all future Tasks	Proceed to Next Task	Self-service	Help/ Assistance		3	2022-01-27 05:06:11.000
INC000023012349		571	Priority 4		GLOBAL SERVICE DESK	1963549	Information Provided / Training	Resolved	Medium	Cancel all future Tasks	Proceed to Next Task	Walk-in			4	2022-01-27 05:06:11.000
INC000023027537	Help/ Assistance		Priority 4		ERP SPEC IBM - BTB GLOBAL	1252750		Pending	Medium	Cancel all future Tasks	Proceed to Next Task	Self-service	Help/ Assistance		5	2022-01-27 05:06:11.000
INC000023257591		793	Priority 4		C3I LEVEL II	1590109		Pending	Low	Cancel all future Tasks	Proceed to Next Task	Phone			6	2022-01-27 05:06:11.000
INC000023257591		793	Priority 4		C3I LEVEL II	1590109		Pending	Low	Cancel all future Tasks	Proceed to Next Task	Phone			7	2022-01-27 05:06:11.000
INC000023446488			Priority 4		MLL E2E	1910358	No Resolution Action	Closed	Low	Cancel all future Tasks	Proceed to Next Task	Phone			8	2022-01-27 05:06:11.000
INC000023478812	Help/ Assistance	1104	Priority 3		DESK SIDE SERVICES L2	1853148		Pending	High	Cancel all future Tasks	Proceed to Next Task	Self-service	Help/ Assistance		9	2022-01-27 05:06:11.000
INC000023545206	Help/ Assistance		Priority 3		ITAS-SAP-NA-QM-L3	1218001	Software Correction	Closed	High	Cancel all future Tasks	Proceed to Next Task	Self-service	Help/ Assistance		10	2022-01-27 05:06:11.000
INC000023753481		1	Priority 3		GLOBAL SERVICE DESK	1867546		Pending	High	Cancel all future Tasks	Proceed to Next Task	Phone		2022-01-27 05:06:11.000	11	2022-01-27 05:06:11.000
INC000023785545		1159	Priority 3		GSD OUTBOUND	1867546	No Resolution Action	Resolved	High	Cancel all future Tasks	Proceed to Next Task	Chat			12	2022-01-27 05:06:11.000
INC000023873130	Help/ Assistance		Priority 4		MLL INT WESS RR	1253571	Hardware Correction	Closed	Low	Cancel all future Tasks	Proceed to Next Task	Self-service	Help/ Assistance		13	2022-01-27 05:06:11.000
INC000023885817	Help/ Assistance		Priority 4		MLL INT WESS RR	1853129	Hardware Correction	Closed	Low	Cancel all future Tasks	Proceed to Next Task	Self-service	Help/ Assistance		14	2022-01-27 05:06:11.000
INC000023886142			Priority 4		MLL E2E	1791143	No Resolution Action	Closed	Low	Cancel all future Tasks	Proceed to Next Task	Phone			15	2022-01-27 05:06:11.000
INC000023905800	Help/ Assistance	621	Priority 4	621	RPA TS ASPAC L2	1891314	Data Correction	Closed	Medium	Cancel all future Tasks	Proceed to Next Task	Self-service	Help/ Assistance		16	2022-01-27 05:06:11.000
INC000023990872		990	Priority 4		GLOBAL SERVICE DESK	1244913		Pending	Low	Cancel all future Tasks	Proceed to Next Task	Walk-in			17	2022-01-27 05:06:11.000
INC000023994673			Priority 3		TS PERFORMANCE MANAGEMENT L2	1938794	No Resolution Action	Closed	High	Cancel all future Tasks	Proceed to Next Task	Chat			18	2022-01-27 05:06:11.000
INC000024017665			Priority 4		JSC STRATEGIC PLANNING L2	1210255	Security Modification	Closed	Low	Cancel all future Tasks	Proceed to Next Task	Chat			19	2022-01-27 05:06:11.000
INC000024033369			Priority 4		ISM SERVICE-NOW SUPPORT L3	1590654	Data Correction	Resolved	Medium	Cancel all future Tasks	Proceed to Next Task	Walk-in			20	2022-01-27 05:06:11.000
INC000024058461		511	Priority 4		PRINT SERVICES	1853147	Hardware Correction	Closed	Low	Cancel all future Tasks	Proceed to Next Task	Chat			21	2022-01-27 05:06:11.000
INC000024091327	Help/ Assistance		Priority 3		PRINT SERVICES	1700295	Hardware Correction	Closed	High	Cancel all future Tasks	Proceed to Next Task	Self-service	Help/ Assistance		22	2022-01-27 05:06:11.000
INC000024095772	Help/ Assistance		Priority 3		PRINT SERVICES	1700295	Hardware Correction	Closed	High	Cancel all future Tasks	Proceed to Next Task	Self-service	Help/ Assistance		23	2022-01-27 05:06:11.000
INC000024135964	Help/ Assistance	1	Priority 3		GLOBAL SERVICE DESK	2146593		Assigned	High	Cancel all future Tasks	Proceed to Next Task	Self-service	Help/ Assistance	2022-01-26 06:00:34.000	24	2022-01-27 05:06:11.000
INC000024135964	Help/ Assistance	1	Priority 3		GLOBAL SERVICE DESK	2146593		Assigned	High	Cancel all future Tasks	Proceed to Next Task	Self-service	Help/ Assistance	2022-01-25 06:00:34.000	25	2022-01-27 05:06:11.000
INC000024194160	Help/ Assistance		Priority 4		DATA AND ANALYTICS RR COG	1736439		Pending	Medium	Cancel all future Tasks	Proceed to Next Task	Self-service	Help/ Assistance		26	2022-01-27 05:06:11.000
INC000024195302	Help/ Assistance		Priority 4		JSC STRATEGIC PLANNING L2	1210255	Security Modification	Closed	Medium	Cancel all future Tasks	Proceed to Next Task	Self-service	Help/ Assistance		27	2022-01-27 05:06:11.000
INC000024204195	Help/ Assistance	42	Priority 4		RCC	1867546	No Resolution Action	Resolved	Low	Cancel all future Tasks	Proceed to Next Task	Self-service	Help/ Assistance		28	2022-01-27 05:06:11.000
INC000024204944	Help/ Assistance	621	Priority 4		RPA TS ASPAC L2	1891125	Environmental Restoration	Closed	Low	Cancel all future Tasks	Proceed to Next Task	Self-service	Help/ Assistance		29	2022-01-27 05:06:11.000
INC000024245602	Help/ Assistance	72	Priority 4		ERP SPEC IBM - BTB GLOBAL	1252750	Information Provided / Training	Resolved	Medium	Cancel all future Tasks	Proceed to Next Task	Self-service	Help/ Assistance	2022-01-26 03:54:00.000	30	2022-01-27 05:06:11.000
INC000024251711	Help/ Assistance	621	Priority 4		RPA TS ASPAC L2	1891125	Environmental Restoration	Closed	Low	Cancel all future Tasks	Proceed to Next Task	Self-service	Help/ Assistance		31	2022-01-27 05:06:11.000
INC000024269303		491	Priority 3		WEB-COLLABORATION L1	1794149		Pending	Medium	Cancel all future Tasks	Proceed to Next Task	Phone			32	2022-01-27 05:06:11.000
INC000024269303		491	Priority 3		WEB-COLLABORATION L1	1794149		Pending	Medium	Cancel all future Tasks	Proceed to Next Task	Phone			33	2022-01-27 05:06:11.000
INC000024283689		1018	Priority 4		C3I LEVEL II	1590109		Pending	Low	Cancel all future Tasks	Proceed to Next Task	Walk-in			34	2022-01-27 05:06:11.000
INC000024749930	Help/ Assistance	1	Priority 4		CUST AND SALES RR COG	1937459		Assigned	Low	Cancel all future Tasks	Proceed to Next Task	Self-service	Help/ Assistance	2022-01-27 05:33:16.000	284	2022-01-27 05:06:11.000
INC000024749930	Help/ Assistance	1610	Priority 3		CUST AND SALES RR COG	1937459		Pending	High	Cancel all future Tasks	Proceed to Next Task	Self-service	Help/ Assistance	2022-01-26 05:33:16.000	285	2022-01-27 05:06:11.000
INC000024777383	Help/ Assistance	1233	Priority 4		INTEGRATION SERVICES L1	2084020	Information Provided / Training	Closed	Low	Cancel all future Tasks	Proceed to Next Task	Self-service	Help/ Assistance	2022-01-26 05:01:36.000	388	2022-01-27 05:06:11.000
INC000024823911	Help/ Assistance		Priority 3		MLL RR TQS	1864198		Pending	High	Cancel all future Tasks	Proceed to Next Task	Self-service	Help/ Assistance	2022-01-27 02:53:10.000	706	2022-01-27 05:06:11.000
INC000024902803		1392	Priority 4		C3I LEVEL I SETUP	1824679	Information Provided / Training	Pending	Low	Cancel all future Tasks	Proceed to Next Task	Phone		2022-01-26 21:23:40.000	6769	2022-01-27 05:06:11.000
INC000024902803		1392	Priority 4		C3I LEVEL I SETUP	1824679	Information Provided / Training	Pending	Low	Cancel all future Tasks	Proceed to Next Task	Phone		2022-01-25 21:23:40.000	6770	2022-01-27 05:06:11.000
INC000024951961		1168	Priority 2		SAP L1	1921861		Pending	Medium	Cancel all future Tasks	Proceed to Next Task	Event Management		2022-01-26 05:04:30.000	18342	2022-01-27 05:06:11.000
INC000024951961		1534	Priority 2		SAP L1	1921861	Information Provided / Training	Closed	Medium	Cancel all future Tasks	Proceed to Next Task	Event Management		2022-01-25 05:04:30.000	18343	2022-01-27 05:06:11.000
INC000024952482		401	Priority 4		GLOBAL SERVICE DESK	1851240	Security Modification	Closed	Low	Cancel all future Tasks	Proceed to Next Task	Phone		2022-01-26 05:01:30.000	18949	2022-01-27 05:06:11.000
INC000024960621		1355	Priority 4		RCC	1794149		Pending	Low	Cancel all future Tasks	Proceed to Next Task	Chat		2022-01-26 10:35:35.000	19678	2022-01-27 05:06:11.000
INC000024981448	Help/ Assistance	247	Priority 3		DATA AND ANALYTICS RR LTI	1863323		Pending	High	Cancel all future Tasks	Proceed to Next Task	Self-service	Help/ Assistance	2022-01-26 14:06:25.000	20554	2022-01-27 05:06:11.000
INC000025006828	Help/ Assistance	281	Priority 3		DESK SIDE SERVICES L2	1590654		Pending	High	Cancel all future Tasks	Proceed to Next Task	Self-service	Help/ Assistance	2022-01-26 07:51:15.000	23914	2022-01-27 05:06:11.000
INC000025008832	Help/ Assistance	1	Priority 3		NA MES L1	1778798		Work in Progress	High	Cancel all future Tasks	Proceed to Next Task	Self-service	Help/ Assistance	2022-01-26 02:43:11.000	24609	2022-01-27 05:06:11.000
INC000025008835		384	Priority 4		GLOBAL SERVICE DESK	1851240	Security Modification	Resolved	Low	Cancel all future Tasks	Proceed to Next Task	Phone		2022-01-26 00:05:55.000	24612	2022-01-27 05:06:11.000
INC000025008934	Help/ Assistance	1646	Priority 4		GLOBAL SERVICE DESK	1851240		Pending	Low	Cancel all future Tasks	Proceed to Next Task	Mobile	Help/ Assistance	2022-01-26 07:22:50.000	24709	2022-01-27 05:06:11.000
INC000025009089	Help/ Assistance	1236	Priority 3		CBT RR IBM	1515492		Assigned	High	Cancel all future Tasks	Proceed to Next Task	Self-service	Help/ Assistance	2022-01-26 04:23:35.000	24856	2022-01-27 05:06:11.000
INC000025010316	Help/ Assistance	982	Priority 2		ENTERPRISE EDR SUPPORT L2	1219503	Software Correction	Resolved	High	Cancel all future Tasks	Proceed to Next Task	Self-service	Help/ Assistance	2022-01-26 10:22:06.000	25993	2022-01-27 05:06:11.000
INC000025010632	Help/ Assistance	813	Priority 3		GLOBAL SERVICE DESK	1864211	Information Provided / Training	Resolved	High	Cancel all future Tasks	Proceed to Next Task	Self-service	Help/ Assistance	2022-01-26 08:35:25.000	26282	2022-01-27 05:06:11.000
INC000025011079	Help/ Assistance	834	Priority 4		DESK SIDE SERVICES L2	1853137		Pending	Low	Cancel all future Tasks	Proceed to Next Task	Self-service	Help/ Assistance	2022-01-26 10:50:55.000	26699	2022-01-27 05:06:11.000
INC000025013007		512	Priority 3		DESK SIDE SERVICES L2	1864211	Software Correction	Resolved	High	Cancel all future Tasks	Proceed to Next Task	Bright Red		2022-01-26 13:49:20.000	28510	2022-01-27 05:06:11.000
INC000025013378	Help/ Assistance	1009	Priority 4		C3I SME	1691981		Work in Progress	Low	Cancel all future Tasks	Proceed to Next Task	Phone	Help/ Assistance	2022-01-26 16:45:40.000	28862	2022-01-27 05:06:11.000
INC000025014159		1565	Priority 2	1565	QUALITY RR TCS	1651592	Capacity Adjustment	Resolved	High	Cancel all future Tasks	Proceed to Next Task	Chat		2022-01-26 18:01:30.000	29596	2022-01-27 05:06:11.000
INC000025014958	Help/ Assistance	547	Priority 4		GLOBAL SERVICE DESK	1849715	Information Provided / Training	Resolved	Low	Cancel all future Tasks	Proceed to Next Task	Walk-in	Help/ Assistance	2022-01-26 19:03:15.000	30344	2022-01-27 05:06:11.000
