sys_id	name	table	sys_created_on
xb1222wa	Assigned to Duration	incident	2022-01-10 20:30:00.995
xb4234wa	Assigned to Duration	incident	2022-01-10 20:30:00.995
xb7406wa	Assigned to Duration	incident	2022-01-10 20:30:00.995
xb7442wa	Assigned to Duration	incident	2022-01-10 20:30:00.995
xb8002wa	Assigned to Duration	incident	2022-01-10 20:30:00.995
xb9966wa	Assigned to Duration	incident	2022-01-10 20:30:00.995
xb12922wa	Assigned to Duration	incident	2022-01-10 20:30:00.995
xb17690wa	Assigned to Duration	incident	2022-01-10 20:30:00.995
xb19214wa	Assignment Group	incident	2022-01-10 20:30:00.995
xb23182wa	Assignment Group	incident	2022-01-10 20:30:00.995
xb25842wa	Assignment Group	incident	2022-01-10 20:30:00.995
xb35762wa	Incident Pending Status Metrics	incident	2022-01-10 20:30:00.995
xb36462wa	Incident Pending Status Metrics	incident	2022-01-10 20:30:00.995
xb36518wa	Incident Pending Status Metrics	incident	2022-01-10 20:30:00.995
xb43490wa	Incident State Duration	incident	2022-01-10 20:30:00.995
xb43898wa	Incident State Duration	incident	2022-01-10 20:30:00.995
xb46158wa	Incident State Duration	incident	2022-01-10 20:30:00.995
xb47378wa	Incident State Duration	incident	2022-01-10 20:30:00.995
xb50378wa	Incident State Duration	incident	2022-01-10 20:30:00.995
xb50498wa	Incident State Duration	incident	2022-01-10 20:30:00.995
xb51770wa	Incident State Duration	incident	2022-01-10 20:30:00.995
xb53430wa	Incident State Duration	incident	2022-01-10 20:30:00.995
xb53762wa	Incident State Duration	incident	2022-01-10 20:30:00.995
xb54462wa	Incident State Duration	incident	2022-01-10 20:30:00.995
xb55026wa	Incident State Duration	incident	2022-01-10 20:30:00.995
xb55190wa	Incident State Duration	incident	2022-01-10 20:30:00.995
xb56258wa	Incident State Duration	incident	2022-01-10 20:30:00.995
xb57446wa	Incident State Duration	incident	2022-01-10 20:30:00.995
xb57694wa	Incident State Duration	incident	2022-01-10 20:30:00.995
xb57730wa	Incident State Duration	incident	2022-01-10 20:30:00.995
xb61538wa	Incident State Duration	incident	2022-01-10 20:30:00.995
xb62330wa	Incident State Duration	incident	2022-01-10 20:30:00.995
xb62482wa	Incident State Duration	incident	2022-01-10 20:30:00.995
xb63566wa	Incident State Duration	incident	2022-01-10 20:30:00.995
xb66418wa	Incident State Duration	incident	2022-01-10 20:30:00.995
xb69442wa	Incident State Duration	incident	2022-01-10 20:30:00.995
xb78738wa	Open	incident	2022-01-10 20:30:00.995
xb81242wa	Open	incident	2022-01-10 20:30:00.995
xb83486wa	Open	incident	2022-01-10 20:30:00.995
xb85414wa	Open	incident	2022-01-10 20:30:00.995
xb86566wa	Open	incident	2022-01-10 20:30:00.995
xb89802wa	Priority Change	incident	2022-01-10 20:30:00.995
xb90766wa	Priority Change	incident	2022-01-10 20:30:00.995
xb93850wa	Priority Change	incident	2022-01-10 20:30:00.995
xb94122wa	Priority Change	incident	2022-01-10 20:30:00.995
xb95546wa	Priority Change	incident	2022-01-10 20:30:00.995
xb95866wa	Priority Change	incident	2022-01-10 20:30:00.995
xb95954wa	Priority Change	incident	2022-01-10 20:30:00.995
xb100842wa	Priority Change	incident	2022-01-10 20:30:00.995
xb373wa	Assigned to Duration	incident	2022-01-10 20:30:00.995
xb5129wa	Assigned to Duration	incident	2022-01-10 20:30:00.995
xb5457wa	Assigned to Duration	incident	2022-01-10 20:30:00.995
xb7621wa	Assigned to Duration	incident	2022-01-10 20:30:00.995
xb8961wa	Assigned to Duration	incident	2022-01-10 20:30:00.995
xb9721wa	Assigned to Duration	incident	2022-01-10 20:30:00.995
xb13665wa	Assigned to Duration	incident	2022-01-10 20:30:00.995
xb13817wa	Assigned to Duration	incident	2022-01-10 20:30:00.995
xb17689wa	Assigned to Duration	incident	2022-01-10 20:30:00.995
xb17921wa	Assigned to Duration	incident	2022-01-10 20:30:00.995
xb19213wa	Assignment Group	incident	2022-01-10 20:30:00.995
xb22857wa	Assignment Group	incident	2022-01-10 20:30:00.995
xb22993wa	Assignment Group	incident	2022-01-10 20:30:00.995
xb23205wa	Assignment Group	incident	2022-01-10 20:30:00.995
xb25205wa	Assignment Group	incident	2022-01-10 20:30:00.995
xb27141wa	Assignment Group	incident	2022-01-10 20:30:00.995
xb31413wa	Assignment Group	incident	2022-01-10 20:30:00.995
xb36405wa	Incident Pending Status Metrics	incident	2022-01-10 20:30:00.995
xb36577wa	Incident Pending Status Metrics	incident	2022-01-10 20:30:00.995
xb38789wa	Incident State Duration	incident	2022-01-10 20:30:00.995
xb39173wa	Incident State Duration	incident	2022-01-10 20:30:00.995
xb42749wa	Incident State Duration	incident	2022-01-10 20:30:00.995
xb43897wa	Incident State Duration	incident	2022-01-10 20:30:00.995
xb47097wa	Incident State Duration	incident	2022-01-10 20:30:00.995
xb47105wa	Incident State Duration	incident	2022-01-10 20:30:00.995
xb47109wa	Incident State Duration	incident	2022-01-10 20:30:00.995
xb47701wa	Incident State Duration	incident	2022-01-10 20:30:00.995
xb51769wa	Incident State Duration	incident	2022-01-10 20:30:00.995
xb52689wa	Incident State Duration	incident	2022-01-10 20:30:00.995
xb52777wa	Incident State Duration	incident	2022-01-10 20:30:00.995
xb53569wa	Incident State Duration	incident	2022-01-10 20:30:00.995
xb55233wa	Incident State Duration	incident	2022-01-10 20:30:00.995
xb61117wa	Incident State Duration	incident	2022-01-10 20:30:00.995
xb62293wa	Incident State Duration	incident	2022-01-10 20:30:00.995
xb62509wa	Incident State Duration	incident	2022-01-10 20:30:00.995
xb64941wa	Incident State Duration	incident	2022-01-10 20:30:00.995
xb65037wa	Incident State Duration	incident	2022-01-10 20:30:00.995
xb65381wa	Incident State Duration	incident	2022-01-10 20:30:00.995
xb69441wa	Incident State Duration	incident	2022-01-10 20:30:00.995
xb72665wa	Incident State Duration	incident	2022-01-10 20:30:00.995
xb77069wa	Open	incident	2022-01-10 20:30:00.995
xb78365wa	Open	incident	2022-01-10 20:30:00.995
xb81341wa	Open	incident	2022-01-10 20:30:00.995
xb85785wa	Open	incident	2022-01-10 20:30:00.995
xb87365wa	Open	incident	2022-01-10 20:30:00.995
xb90449wa	Priority Change	incident	2022-01-10 20:30:00.995
xb93853wa	Priority Change	incident	2022-01-10 20:30:00.995
xb98709wa	Priority Change	incident	2022-01-10 20:30:00.995
xb99969wa	Priority Change	incident	2022-01-10 20:30:00.995
xb100013wa	Priority Change	incident	2022-01-10 20:30:00.995
xb100861wa	Priority Change	incident	2022-01-10 20:30:00.995
xb212wa	Assigned to Duration	incident	2022-01-10 20:30:00.995
xb372wa	Assigned to Duration	incident	2022-01-10 20:30:00.995
xb5460wa	Assigned to Duration	incident	2022-01-10 20:30:00.995
xb6692wa	Assigned to Duration	incident	2022-01-10 20:30:00.995
xb7148wa	Assigned to Duration	incident	2022-01-10 20:30:00.995
xb8340wa	Assigned to Duration	incident	2022-01-10 20:30:00.995
xb8356wa	Assigned to Duration	incident	2022-01-10 20:30:00.995
xb9744wa	Assigned to Duration	incident	2022-01-10 20:30:00.995
xb11572wa	Assigned to Duration	incident	2022-01-10 20:30:00.995
xb12304wa	Assigned to Duration	incident	2022-01-10 20:30:00.995
xb17920wa	Assigned to Duration	incident	2022-01-10 20:30:00.995
xb18308wa	Assignment Group	incident	2022-01-10 20:30:00.995
xb19564wa	Assignment Group	incident	2022-01-10 20:30:00.995
xb24776wa	Assignment Group	incident	2022-01-10 20:30:00.995
xb25064wa	Assignment Group	incident	2022-01-10 20:30:00.995
xb27276wa	Assignment Group	incident	2022-01-10 20:30:00.995
xb29212wa	Assignment Group	incident	2022-01-10 20:30:00.995
xb29788wa	Assignment Group	incident	2022-01-10 20:30:00.995
xb30320wa	Assignment Group	incident	2022-01-10 20:30:00.995
xb30572wa	Assignment Group	incident	2022-01-10 20:30:00.995
xb36468wa	Incident Pending Status Metrics	incident	2022-01-10 20:30:00.995
xb36480wa	Incident Pending Status Metrics	incident	2022-01-10 20:30:00.995
xb36848wa	Incident Pending Status Metrics	incident	2022-01-10 20:30:00.995
xb36892wa	Incident Pending Status Metrics	incident	2022-01-10 20:30:00.995
xb38108wa	Incident Pending Status Metrics	incident	2022-01-10 20:30:00.995
xb39292wa	Incident State Duration	incident	2022-01-10 20:30:00.995
xb40036wa	Incident State Duration	incident	2022-01-10 20:30:00.995
xb43800wa	Incident State Duration	incident	2022-01-10 20:30:00.995
xb43880wa	Incident State Duration	incident	2022-01-10 20:30:00.995
xb44000wa	Incident State Duration	incident	2022-01-10 20:30:00.995
xb47108wa	Incident State Duration	incident	2022-01-10 20:30:00.995
xb49680wa	Incident State Duration	incident	2022-01-10 20:30:00.995
xb52996wa	Incident State Duration	incident	2022-01-10 20:30:00.995
xb53480wa	Incident State Duration	incident	2022-01-10 20:30:00.995
xb53924wa	Incident State Duration	incident	2022-01-10 20:30:00.995
xb53948wa	Incident State Duration	incident	2022-01-10 20:30:00.995
xb55180wa	Incident State Duration	incident	2022-01-10 20:30:00.995
xb57688wa	Incident State Duration	incident	2022-01-10 20:30:00.995
xb61092wa	Incident State Duration	incident	2022-01-10 20:30:00.995
xb65312wa	Incident State Duration	incident	2022-01-10 20:30:00.995
xb67368wa	Incident State Duration	incident	2022-01-10 20:30:00.995
xb67424wa	Incident State Duration	incident	2022-01-10 20:30:00.995
xb69484wa	Incident State Duration	incident	2022-01-10 20:30:00.995
xb73544wa	Incident State Duration	incident	2022-01-10 20:30:00.995
xb75204wa	Incident State Duration	incident	2022-01-10 20:30:00.995
xb78364wa	Open	incident	2022-01-10 20:30:00.995
xb81496wa	Open	incident	2022-01-10 20:30:00.995
xb90448wa	Priority Change	incident	2022-01-10 20:30:00.995
xb95512wa	Priority Change	incident	2022-01-10 20:30:00.995
xb96368wa	Priority Change	incident	2022-01-10 20:30:00.995
xb97548wa	Priority Change	incident	2022-01-10 20:30:00.995
xb99124wa	Priority Change	incident	2022-01-10 20:30:00.995
xb100000wa	Priority Change	incident	2022-01-10 20:30:00.995
xb823wa	Assigned to Duration	incident	2022-01-10 20:30:00.995
xb1223wa	Assigned to Duration	incident	2022-01-10 20:30:00.995
xb3859wa	Assigned to Duration	incident	2022-01-10 20:30:00.995
xb4823wa	Assigned to Duration	incident	2022-01-10 20:30:00.995
xb7163wa	Assigned to Duration	incident	2022-01-10 20:30:00.995
xb7679wa	Assigned to Duration	incident	2022-01-10 20:30:00.995
xb9831wa	Assigned to Duration	incident	2022-01-10 20:30:00.995
xb9851wa	Assigned to Duration	incident	2022-01-10 20:30:00.995
xb12219wa	Assigned to Duration	incident	2022-01-10 20:30:00.995
xb12323wa	Assigned to Duration	incident	2022-01-10 20:30:00.995
xb13623wa	Assigned to Duration	incident	2022-01-10 20:30:00.995
xb14767wa	Assigned to Duration	incident	2022-01-10 20:30:00.995
xb18459wa	Assignment Group	incident	2022-01-10 20:30:00.995
xb22863wa	Assignment Group	incident	2022-01-10 20:30:00.995
xb23711wa	Assignment Group	incident	2022-01-10 20:30:00.995
xb24815wa	Assignment Group	incident	2022-01-10 20:30:00.995
xb24991wa	Assignment Group	incident	2022-01-10 20:30:00.995
xb25015wa	Assignment Group	incident	2022-01-10 20:30:00.995
xb28703wa	Assignment Group	incident	2022-01-10 20:30:00.995
xb29307wa	Assignment Group	incident	2022-01-10 20:30:00.995
xb34115wa	Incident Pending Status Metrics	incident	2022-01-10 20:30:00.995
xb34739wa	Incident Pending Status Metrics	incident	2022-01-10 20:30:00.995
xb37239wa	Incident Pending Status Metrics	incident	2022-01-10 20:30:00.995
xb38107wa	Incident Pending Status Metrics	incident	2022-01-10 20:30:00.995
xb38815wa	Incident State Duration	incident	2022-01-10 20:30:00.995
xb40035wa	Incident State Duration	incident	2022-01-10 20:30:00.995
xb43491wa	Incident State Duration	incident	2022-01-10 20:30:00.995
xb43879wa	Incident State Duration	incident	2022-01-10 20:30:00.995
xb49571wa	Incident State Duration	incident	2022-01-10 20:30:00.995
xb52751wa	Incident State Duration	incident	2022-01-10 20:30:00.995
xb52947wa	Incident State Duration	incident	2022-01-10 20:30:00.995
xb52995wa	Incident State Duration	incident	2022-01-10 20:30:00.995
xb53379wa	Incident State Duration	incident	2022-01-10 20:30:00.995
xb53419wa	Incident State Duration	incident	2022-01-10 20:30:00.995
xb54059wa	Incident State Duration	incident	2022-01-10 20:30:00.995
xb57483wa	Incident State Duration	incident	2022-01-10 20:30:00.995
xb57507wa	Incident State Duration	incident	2022-01-10 20:30:00.995
xb57947wa	Incident State Duration	incident	2022-01-10 20:30:00.995
xb64727wa	Incident State Duration	incident	2022-01-10 20:30:00.995
xb69483wa	Incident State Duration	incident	2022-01-10 20:30:00.995
xb73543wa	Incident State Duration	incident	2022-01-10 20:30:00.995
xb77063wa	Open	incident	2022-01-10 20:30:00.995
xb81239wa	Open	incident	2022-01-10 20:30:00.995
xb82723wa	Open	incident	2022-01-10 20:30:00.995
xb83039wa	Open	incident	2022-01-10 20:30:00.995
xb89355wa	Priority Change	incident	2022-01-10 20:30:00.995
xb93959wa	Priority Change	incident	2022-01-10 20:30:00.995
xb99999wa	Priority Change	incident	2022-01-10 20:30:00.995
