task_display_value	sla_display_value	planned_end_time	stage	sys_created_on
INC000023885817	INC Portal Response Time SLA (Expected)	2021-06-16 16:39:53.000	completed	2021-06-16 16:39:53.000
INC000023873130	INC Portal Response Time SLA (Expected)	2021-06-14 20:01:32.000	completed	2021-06-16 16:39:53.000
INC000023478812	INC Portal Response Time SLA (Minimum)	2021-03-23 09:03:37.000	completed	2021-06-16 16:39:53.000
INC000024251711	Priority 3 resolution (3 day)	2021-09-02 03:34:52.000	completed	2021-06-16 16:39:53.000
INC000024058461	AS-GOLD-Resolution-Priority 4-SLA	2021-07-26 17:36:55.000	completed	2021-06-16 16:39:53.000
INC000023873130	INC Portal Time to Route	2021-06-15 06:16:38.000	completed	2021-06-16 16:39:53.000
INC000024777383	INC Portal Time to Route	2021-12-07 15:12:22.000	completed	2021-06-16 16:39:53.000
INC000024195302	AS-SILVER-Resolution-Priority 4-SLA	2021-08-31 14:55:35.000	completed	2021-06-16 16:39:53.000
INC000023873130	AS-GOLD-Resolution-Priority 3-SLA	2021-06-17 19:01:32.000	completed	2021-06-16 16:39:53.000
INC000024823911	AS-SILVER-Resolution-Priority 3-SLA	2021-12-23 07:09:14.000	completed	2021-06-16 16:39:53.000
INC000024749930	AS-SILVER-Resolution-Priority 3-SLA	2021-12-09 01:16:55.000	completed	2021-06-16 16:39:53.000
INC000024135964	INC Portal Response Time SLA (Minimum)	2021-08-04 18:15:55.000	completed	2021-06-16 16:39:53.000
INC000024195302	INC Portal Response Time SLA (Expected)	2021-08-17 15:55:35.000	completed	2021-06-16 16:39:53.000
INC000024777383	Priority 3 resolution (3 day)	2021-12-10 15:00:32.000	completed	2021-06-16 16:39:53.000
INC000024777383	INC Portal Response Time SLA (Minimum)	2021-12-07 19:00:32.000	completed	2021-06-16 16:39:53.000
INC000024135964	INC Portal Time to Route	2021-08-04 14:33:09.000	completed	2021-06-16 16:39:53.000
INC000024195302	INC Portal Response Time SLA (Minimum)	2021-08-17 18:55:35.000	completed	2021-06-16 16:39:53.000
INC000024195302	AS-SILVER-Resolution-Priority 3-SLA	2021-08-24 14:55:35.000	completed	2021-06-16 16:39:53.000
INC000023905800	INC Portal Response Time SLA (Expected)	2021-06-21 05:17:36.000	completed	2021-06-16 16:39:53.000
INC000023885817	Priority 3 resolution (3 day)	2021-06-19 15:39:53.000	completed	2021-06-16 16:39:53.000
INC000023873130	INC Portal Response Time SLA (Minimum)	2021-06-14 23:01:32.000	completed	2021-06-16 16:39:53.000
INC000023753481	INC RCC Time to Respond	2021-05-20 01:24:00.000	completed	2021-06-16 16:39:53.000
INC000023478812	AS-GOLD-Resolution-Priority 3-SLA	2021-03-26 05:03:37.000	completed	2021-06-16 16:39:53.000
INC000024269303	Priority 2 resolution (8 hour)	2021-09-02 02:20:18.000	completed	2021-06-16 16:39:53.000
INC000024195302	Priority 3 resolution (3 day)	2021-08-20 14:55:35.000	completed	2021-06-16 16:39:53.000
INC000022948076	INC Portal Response Time SLA (Minimum)	2020-11-24 14:25:29.000	completed	2021-06-16 16:39:53.000
INC000023478812	INC Portal Response Time SLA (Expected)	2021-03-23 06:03:37.000	completed	2021-06-16 16:39:53.000
INC000023905800	Priority 3 resolution (3 day)	2021-06-24 04:17:36.000	completed	2021-06-16 16:39:53.000
INC000024269303	INC TTR RCC	2021-09-14 16:05:32.000	completed	2021-06-16 16:39:53.000
INC000023905800	INC Portal Response Time SLA (Minimum)	2021-06-21 08:17:36.000	completed	2021-06-16 16:39:53.000
INC000023478812	INC TTR RCC	2021-03-24 05:25:23.000	completed	2021-06-16 16:39:53.000
INC000023027537	AS-GOLD-Resolution-Priority 3-SLA	2020-12-16 15:05:33.000	completed	2021-06-16 16:39:53.000
INC000024195302	INC Portal Time to Route	2021-08-17 15:17:43.000	completed	2021-06-16 16:39:53.000
INC000023873130	AS-GOLD-Resolution-Priority 4-SLA	2021-06-21 19:01:32.000	completed	2021-06-16 16:39:53.000
INC000024245602	AS-GOLD-Resolution-Priority 3-SLA	2021-09-01 12:52:55.000	completed	2021-06-16 16:39:53.000
INC000023545206	Priority 3 resolution (3 day)	2021-04-09 14:13:49.000	completed	2021-06-16 16:39:53.000
INC000022948076	INC Portal Response Time SLA (Expected)	2020-11-24 11:25:29.000	completed	2021-06-16 16:39:53.000
INC000024135964	INC Portal Response Time SLA (Expected)	2021-08-04 15:15:55.000	completed	2021-06-16 16:39:53.000
INC000024823911	INC Portal Response Time SLA (Expected)	2021-12-16 08:09:14.000	completed	2021-06-16 16:39:53.000
INC000024777383	AS-GOLD-Resolution-Priority 3-SLA	2021-12-10 15:00:32.000	completed	2021-06-16 16:39:53.000
INC000024204944	Priority 3 resolution (3 day)	2021-08-22 07:59:38.000	completed	2021-06-16 16:39:53.000
INC000023753481	INC TTR RCC	2021-05-21 00:54:00.000	completed	2021-06-16 16:39:53.000
INC000024269303	Priority 4 resolution (5 day)	2021-09-06 18:20:18.000	completed	2021-06-16 16:39:53.000
INC000023478812	INC RCC Time to Respond	2021-03-23 05:55:23.000	completed	2021-06-16 16:39:53.000
INC000024194160	AS-SILVER-Resolution-Priority 3-SLA	2021-08-24 12:15:33.000	completed	2021-06-16 16:39:53.000
INC000024777383	INC Portal Response Time SLA (Expected)	2021-12-07 16:00:32.000	completed	2021-06-16 16:39:53.000
INC000024823911	INC Portal Response Time SLA (Minimum)	2021-12-16 11:09:14.000	completed	2021-06-16 16:39:53.000
INC000024749930	AS-GOLD-Resolution-Priority 3-SLA	2021-12-07 01:16:55.000	completed	2021-06-16 16:39:53.000
INC000023753481	Priority 4 resolution (5 day)	2021-05-25 00:48:38.000	completed	2021-06-16 16:39:53.000
INC000023885817	INC Portal Time to Route	2021-06-17 06:30:23.000	completed	2021-06-16 16:39:53.000
INC000023885817	INC Portal Response Time SLA (Minimum)	2021-06-16 19:39:53.000	completed	2021-06-16 16:39:53.000
INC000022948076	Priority 3 resolution (3 day)	2021-03-10 20:02:27.000	completed	2021-06-16 16:39:53.000
INC000023545206	AS-GOLD-Resolution-Priority 3-SLA	2021-04-21 21:46:14.000	completed	2021-06-16 16:39:53.000
INC000024777383	Priority 3 resolution (3 day)	2021-12-10 15:00:32.000	completed	2021-06-16 16:39:53.000
INC000024269303	Priority 3 resolution (3 day)	2022-01-01 10:42:19.000	completed	2021-06-16 16:39:53.000
INC000023905800	Priority 4 resolution (5 day)	2021-07-31 06:20:15.000	completed	2021-06-16 16:39:53.000
INC000024095772	AS-GOLD-Resolution-Priority 3-SLA	2021-08-11 19:45:02.000	completed	2021-06-16 16:39:53.000
INC000024749930	Priority 3 resolution (3 day)	2021-12-06 01:21:00.000	completed	2021-06-16 16:39:53.000
INC000023994673	Priority 3 resolution (3 day)	2021-07-21 00:50:30.000	completed	2021-06-16 16:39:53.000
INC000023873130	Priority 4 resolution (5 day)	2021-06-30 15:09:16.000	completed	2021-06-16 16:39:53.000
INC000024195302	Priority 4 resolution (5 day)	2021-09-02 01:58:34.000	completed	2021-06-16 16:39:53.000
INC000024204195	Priority 3 resolution (3 day)	2021-08-22 21:15:25.000	completed	2021-06-16 16:39:53.000
INC000023886142	Priority 4 resolution (5 day)	2021-07-15 04:42:44.000	completed	2021-06-16 16:39:53.000
INC000024033369	Priority 4 resolution (5 day)	2021-07-19 14:12:34.000	completed	2021-06-16 16:39:53.000
INC000023446488	Priority 4 resolution (5 day)	2021-04-14 19:20:56.000	completed	2021-06-16 16:39:53.000
INC000023885817	Priority 4 resolution (5 day)	2021-11-26 07:39:18.000	completed	2021-06-16 16:39:53.000
INC000024204944	Priority 4 resolution (5 day)	2021-09-03 09:02:18.000	completed	2021-06-16 16:39:53.000
INC000024251711	Priority 4 resolution (5 day)	2021-09-14 04:17:51.000	completed	2021-06-16 16:39:53.000
INC000024058461	Priority 4 resolution (5 day)	2021-08-04 04:11:10.000	completed	2021-06-16 16:39:53.000
INC000024017665	Priority 4 resolution (5 day)	2021-07-27 20:12:38.000	completed	2021-06-16 16:39:53.000
INC000024091327	AS-GOLD-Resolution-Priority 3-SLA	2021-08-11 01:20:55.000	completed	2021-06-16 16:39:53.000
INC000024283689	Priority 4 resolution (5 day)	2021-12-23 21:28:09.000	completed	2021-06-16 16:39:53.000
INC000022806199	Priority 3 resolution (3 day)	2020-10-25 05:53:36.000	completed	2021-06-16 16:39:53.000
INC000023478812	Priority 3 resolution (3 day)	2022-01-17 13:38:45.000	completed	2021-06-16 16:39:53.000
INC000023257591	Priority 4 resolution (5 day)	2021-12-07 07:44:55.000	completed	2021-06-16 16:39:53.000
INC000023753481	Priority 3 resolution (3 day)	2021-06-17 23:08:28.000	completed	2021-06-16 16:39:53.000
INC000023990872	Priority 4 resolution (5 day)	2021-07-14 13:54:36.000	completed	2021-06-16 16:39:53.000
INC000024749930	AS-SILVER-Resolution-Priority 4-SLA	2021-12-16 01:16:55.000	completed	2021-06-16 16:39:53.000
INC000023012349	Priority 4 resolution (5 day)	2020-12-24 03:11:35.000	completed	2021-06-16 16:39:53.000
INC000023027537	AS-GOLD-Resolution-Priority 4-SLA	2020-12-18 15:05:33.000	completed	2021-06-16 16:39:53.000
INC000024204195	Priority 4 resolution (5 day)	2021-09-03 08:04:42.000	completed	2021-06-16 16:39:53.000
INC000023785545	Priority 3 resolution (3 day)	2021-06-11 12:29:47.000	completed	2021-06-16 16:39:53.000
INC000024749930	AS-SILVER-Resolution-Priority 3-SLA	2021-12-09 01:16:55.000	completed	2021-06-16 16:39:53.000
INC000025006828	Priority 3 resolution (3 day)	2022-01-28 16:06:28.000	completed	2021-06-16 16:39:53.000
INC000025006828	INC Portal Response Time SLA (Minimum)	2022-01-25 20:06:28.000	completed	2021-06-16 16:39:53.000
INC000024194160	AS-SILVER-Resolution-Priority 4-SLA	2021-08-31 12:15:33.000	completed	2021-06-16 16:39:53.000
INC000024033369	AS-GOLD-Resolution-Priority 4-SLA	2021-07-30 11:37:00.000	completed	2021-06-16 16:39:53.000
INC000025006828	INC Portal Response Time SLA (Expected)	2022-01-25 17:06:28.000	completed	2021-06-16 16:39:53.000
INC000025010316	Priority 3 resolution (3 day)	2022-01-29 05:47:33.000	completed	2021-06-16 16:39:53.000
INC000025008832	INC Portal Response Time SLA (Expected)	2022-01-26 01:04:09.000	completed	2021-06-16 16:39:53.000
INC000025014958	Priority 3 resolution (3 day)	2022-01-29 18:58:55.000	completed	2021-06-16 16:39:53.000
INC000025011079	INC Portal Response Time SLA (Minimum)	2022-01-26 12:23:23.000	completed	2021-06-16 16:39:53.000
INC000025006828	INC Portal Time to Route	2022-01-25 16:32:29.000	completed	2021-06-16 16:39:53.000
INC000024777383	Priority 4 resolution (5 day)	2021-12-25 13:32:51.000	completed	2021-06-16 16:39:53.000
INC000025010316	INC Portal Time to Route	2022-01-26 06:02:12.000	completed	2021-06-16 16:39:53.000
INC000025010632	INC Portal Response Time SLA (Minimum)	2022-01-26 11:05:27.000	completed	2021-06-16 16:39:53.000
INC000025008832	INC Portal Time to Route	2022-01-26 00:15:47.000	completed	2021-06-16 16:39:53.000
INC000025011079	INC Portal Response Time SLA (Expected)	2022-01-26 09:23:23.000	completed	2021-06-16 16:39:53.000
INC000024952482	Priority 4 resolution (5 day)	2022-01-31 04:58:49.000	completed	2021-06-16 16:39:53.000
INC000025011079	Priority 3 resolution (3 day)	2022-01-29 08:23:23.000	completed	2021-06-16 16:39:53.000
INC000025008832	INC Portal Response Time SLA (Minimum)	2022-01-26 04:04:09.000	completed	2021-06-16 16:39:53.000
INC000025009089	INC Portal Response Time SLA (Minimum)	2022-01-26 05:10:11.000	completed	2021-06-16 16:39:53.000
INC000025010632	INC Portal Time to Route	2022-01-26 07:18:53.000	completed	2021-06-16 16:39:53.000
INC000025014159	Priority 4 resolution (5 day)	2022-01-31 16:33:47.000	completed	2021-06-16 16:39:53.000
INC000025009089	INC Portal Response Time SLA (Expected)	2022-01-26 02:10:11.000	completed	2021-06-16 16:39:53.000
INC000024951961	Priority 2 resolution (8 hour)	2022-01-26 12:49:55.000	completed	2021-06-16 16:39:53.000
INC000025010316	Priority 2 resolution (8 hour)	2022-01-26 15:26:36.000	completed	2021-06-16 16:39:53.000
INC000024960621	INC TTR RCC	2022-01-27 05:13:02.000	completed	2021-06-16 16:39:53.000
INC000025014159	Priority 1 resolution (4 hour)	2022-01-26 20:33:47.000	completed	2021-06-16 16:39:53.000
INC000025009089	INC Portal Time to Route	2022-01-26 01:24:27.000	completed	2021-06-16 16:39:53.000
INC000025008832	Priority 3 resolution (3 day)	2022-01-29 00:04:09.000	completed	2021-06-16 16:39:53.000
INC000025010632	INC Portal Response Time SLA (Expected)	2022-01-26 08:05:27.000	completed	2021-06-16 16:39:53.000
INC000025010316	INC Portal Response Time SLA (Expected)	2022-01-26 06:44:54.000	completed	2021-06-16 16:39:53.000
INC000025011079	INC Portal Time to Route	2022-01-26 09:37:21.000	completed	2021-06-16 16:39:53.000
INC000025009089	AS-SILVER-Resolution-Priority 3-SLA	2022-02-02 01:10:11.000	completed	2021-06-16 16:39:53.000
INC000024960621	Priority 4 resolution (5 day)	2022-01-30 15:30:03.000	completed	2021-06-16 16:39:53.000
INC000025010316	INC Portal Response Time SLA (Minimum)	2022-01-26 09:44:54.000	completed	2021-06-16 16:39:53.000
INC000025008934	Priority 3 resolution (3 day)	2022-01-29 00:41:49.000	completed	2021-06-16 16:39:53.000
INC000024902803	Priority 4 resolution (5 day)	2022-01-29 14:42:19.000	completed	2021-06-16 16:39:53.000
INC000024135964	Priority 3 resolution (3 day)	2021-08-14 01:38:40.000	completed	2021-06-16 16:39:53.000
INC000025014159	Priority 2 resolution (8 hour)	2022-01-27 00:33:47.000	completed	2021-06-16 16:39:53.000
INC000025008832	AS-GOLD-Resolution-Priority 3-SLA	2022-01-29 00:04:09.000	completed	2021-06-16 16:39:53.000
INC000025014958	Priority 4 resolution (5 day)	2022-01-31 18:58:55.000	completed	2021-06-16 16:39:53.000
INC000025006828	AS-GOLD-Resolution-Priority 3-SLA	2022-01-28 16:06:28.000	completed	2021-06-16 16:39:53.000
INC000025011079	Priority 4 resolution (5 day)	2022-01-31 08:23:23.000	completed	2021-06-16 16:39:53.000
INC000025013007	Priority 3 resolution (3 day)	2022-01-29 13:48:01.000	completed	2021-06-16 16:39:53.000
INC000025008835	Priority 4 resolution (5 day)	2022-01-31 00:05:31.000	completed	2021-06-16 16:39:53.000
INC000025008934	Priority 4 resolution (5 day)	2022-01-31 00:41:49.000	completed	2021-06-16 16:39:53.000
INC000024245602	AS-GOLD-Resolution-Priority 4-SLA	2021-09-03 12:52:55.000	completed	2021-06-16 16:39:53.000
INC000024823911	AS-GOLD-Resolution-Priority 3-SLA	2021-12-21 07:09:14.000	completed	2021-06-16 16:39:53.000
INC000024981448	AS-SILVER-Resolution-Priority 3-SLA	2022-01-27 19:31:40.000	completed	2021-06-16 16:39:53.000
INC000025010632	Priority 3 resolution (3 day)	2022-01-29 07:05:27.000	completed	2021-06-16 16:39:53.000
INC000025013378	Priority 4 resolution (5 day)	2022-01-31 14:39:01.000	completed	2021-06-16 16:39:53.000
